timestamp,open,close,min,max,volume
2023-07-31 11:15:00,1.103365,1.10306,1.10297,1.10338,723
2023-07-31 11:20:00,1.103055,1.10304,1.102865,1.10318,862
2023-07-31 11:25:00,1.103035,1.10314,1.10294,1.103245,935
2023-07-31 11:30:00,1.10313,1.102945,1.102865,1.103205,782
2023-07-31 11:35:00,1.102945,1.10298,1.102865,1.103085,714
2023-07-31 11:40:00,1.10298,1.102465,1.102415,1.10298,898
2023-07-31 11:45:00,1.102465,1.10246,1.10235,1.102595,811
2023-07-31 11:50:00,1.10246,1.10262,1.10232,1.102685,810
2023-07-31 11:55:00,1.102625,1.10268,1.102605,1.102975,1223
2023-07-31 12:00:00,1.102705,1.10308,1.1025,1.1033,1196
2023-07-31 12:05:00,1.10307,1.102285,1.102285,1.10307,1052
2023-07-31 12:10:00,1.102265,1.10212,1.10201,1.102325,1091
2023-07-31 12:15:00,1.102125,1.10191,1.10191,1.10222,908
2023-07-31 12:20:00,1.10192,1.102355,1.10188,1.102415,1077
2023-07-31 12:25:00,1.102355,1.10262,1.10232,1.1027,827
2023-07-31 12:30:00,1.10263,1.103025,1.10263,1.10329,1160
2023-07-31 12:35:00,1.103015,1.1032,1.102905,1.10329,1123
2023-07-31 12:40:00,1.103195,1.103075,1.103045,1.103305,1111
2023-07-31 12:45:00,1.10307,1.103245,1.102955,1.10348,1077
2023-07-31 12:50:00,1.103225,1.103785,1.10317,1.103865,1070
2023-07-31 12:55:00,1.103775,1.10282,1.102815,1.103805,1143
2023-07-31 13:00:00,1.102825,1.10263,1.10236,1.102865,1456
2023-07-31 13:05:00,1.102625,1.10247,1.102395,1.102815,1123
2023-07-31 13:10:00,1.10248,1.10232,1.10221,1.102535,1072
2023-07-31 13:15:00,1.102325,1.101685,1.10147,1.102325,1337
2023-07-31 13:20:00,1.10168,1.10199,1.101545,1.10205,1219
2023-07-31 13:25:00,1.101995,1.102265,1.10196,1.10227,1060
2023-07-31 13:30:00,1.10226,1.10336,1.10223,1.10336,1444
2023-07-31 13:35:00,1.10335,1.103615,1.10317,1.10369,1376
2023-07-31 13:40:00,1.103615,1.103635,1.10339,1.103715,1257
2023-07-31 13:45:00,1.103635,1.104285,1.103635,1.10458,1729
2023-07-31 13:50:00,1.104275,1.10401,1.10379,1.104305,1240
2023-07-31 13:55:00,1.10401,1.10376,1.103505,1.10401,1629
2023-07-31 14:00:00,1.103775,1.104225,1.10371,1.10442,1620
2023-07-31 14:05:00,1.104215,1.104045,1.103815,1.104395,1383
2023-07-31 14:10:00,1.104045,1.104255,1.10404,1.10459,1397
2023-07-31 14:15:00,1.104255,1.104155,1.104115,1.104555,1250
2023-07-31 14:20:00,1.104145,1.10401,1.103845,1.104205,1209
2023-07-31 14:25:00,1.10401,1.103875,1.103705,1.10406,1188
2023-07-31 14:30:00,1.10387,1.10379,1.10374,1.104495,1454
2023-07-31 14:35:00,1.1038,1.10322,1.103185,1.103865,1266
2023-07-31 14:40:00,1.10321,1.1032,1.103035,1.103405,1249
2023-07-31 14:45:00,1.10321,1.102955,1.10285,1.10326,1543
2023-07-31 14:50:00,1.10295,1.102555,1.10224,1.102955,1616
2023-07-31 14:55:00,1.102565,1.102515,1.102435,1.103005,2319
2023-07-31 15:00:00,1.10251,1.10215,1.102045,1.102665,1896
2023-07-31 15:05:00,1.102145,1.102205,1.10198,1.102545,1234
2023-07-31 15:10:00,1.1022,1.102,1.101875,1.10227,1180
2023-07-31 15:15:00,1.102005,1.101715,1.101235,1.102135,1216
2023-07-31 15:20:00,1.101705,1.10208,1.101695,1.10242,1175
2023-07-31 15:25:00,1.102065,1.102625,1.10202,1.10265,1152
2023-07-31 15:30:00,1.10263,1.1028,1.102545,1.1028,1198
2023-07-31 15:35:00,1.102805,1.1024,1.102355,1.102975,1095
2023-07-31 15:40:00,1.102395,1.102275,1.10204,1.102575,832
2023-07-31 15:45:00,1.10227,1.10229,1.10208,1.10236,813
2023-07-31 15:50:00,1.102285,1.101995,1.10181,1.10242,1003
2023-07-31 15:55:00,1.101995,1.10186,1.10182,1.10204,808
2023-07-31 16:00:00,1.101875,1.101755,1.10172,1.10203,781
2023-07-31 16:05:00,1.10175,1.1015,1.10148,1.10176,760
2023-07-31 16:10:00,1.1015,1.10138,1.1011,1.101505,892
2023-07-31 16:15:00,1.101375,1.10128,1.10127,1.10156,791
2023-07-31 16:20:00,1.10128,1.101265,1.1011,1.101415,784
2023-07-31 16:25:00,1.101265,1.10119,1.10113,1.10138,771
2023-07-31 16:30:00,1.101185,1.100985,1.10083,1.10133,734
2023-07-31 16:35:00,1.100995,1.100575,1.100455,1.10101,787
2023-07-31 16:40:00,1.10058,1.100585,1.100515,1.100845,907
2023-07-31 16:45:00,1.100585,1.10048,1.100435,1.10071,643
2023-07-31 16:50:00,1.10049,1.1005,1.10038,1.100605,662
2023-07-31 16:55:00,1.10049,1.10071,1.100425,1.100875,978
2023-07-31 17:00:00,1.100705,1.100595,1.10053,1.10076,770
2023-07-31 17:05:00,1.1006,1.100645,1.10059,1.100715,686
2023-07-31 17:10:00,1.10064,1.100475,1.10047,1.100675,707
2023-07-31 17:15:00,1.10048,1.10067,1.10048,1.100715,701
2023-07-31 17:20:00,1.10067,1.10103,1.10066,1.101045,620
2023-07-31 17:25:00,1.10103,1.10092,1.100855,1.101155,800
2023-07-31 17:30:00,1.100925,1.10088,1.100855,1.10107,743
2023-07-31 17:35:00,1.10087,1.100865,1.100715,1.10094,728
2023-07-31 17:40:00,1.100865,1.100855,1.10078,1.100935,657
2023-07-31 17:45:00,1.100855,1.10097,1.100765,1.10097,634
2023-07-31 17:50:00,1.10096,1.100805,1.10069,1.10096,602
2023-07-31 17:55:00,1.100815,1.100465,1.100405,1.100825,721
2023-07-31 18:00:00,1.100465,1.10043,1.10038,1.100665,778
2023-07-31 18:05:00,1.100435,1.10016,1.10015,1.100555,756
2023-07-31 18:10:00,1.100155,1.10018,1.10005,1.100195,644
2023-07-31 18:15:00,1.10019,1.10067,1.10019,1.100815,842
2023-07-31 18:20:00,1.100675,1.10069,1.10056,1.100765,713
2023-07-31 18:25:00,1.10069,1.1004,1.10039,1.100705,670
2023-07-31 18:30:00,1.100395,1.10011,1.10011,1.10044,708
2023-07-31 18:35:00,1.1001,1.100265,1.10009,1.100445,687
2023-07-31 18:40:00,1.10027,1.10028,1.10022,1.100435,660
2023-07-31 18:45:00,1.100285,1.100185,1.100115,1.10034,667
2023-07-31 18:50:00,1.100185,1.100085,1.100015,1.100335,829
2023-07-31 18:55:00,1.100095,1.099865,1.09973,1.10015,906
2023-07-31 19:00:00,1.09987,1.09997,1.099745,1.10004,819
2023-07-31 19:05:00,1.09997,1.099945,1.09989,1.10009,715
2023-07-31 19:10:00,1.099935,1.09993,1.09985,1.100025,904
2023-07-31 19:15:00,1.09992,1.09964,1.09962,1.099975,728
2023-07-31 19:20:00,1.09963,1.099555,1.09952,1.09988,861
2023-07-31 19:25:00,1.099545,1.099745,1.09953,1.099785,698
2023-07-31 19:30:00,1.09975,1.0996,1.099515,1.09978,774
2023-07-31 19:35:00,1.09961,1.09951,1.099455,1.09962,702
2023-07-31 19:40:00,1.09952,1.099535,1.099475,1.09962,747
2023-07-31 19:45:00,1.09953,1.099545,1.099475,1.09961,803
2023-07-31 19:50:00,1.099535,1.099585,1.099515,1.09965,751
2023-07-31 19:55:00,1.09959,1.099515,1.09938,1.09961,866
2023-07-31 20:00:00,1.099505,1.09939,1.099355,1.09954,754
2023-07-31 20:05:00,1.099395,1.099425,1.09937,1.09951,585
2023-07-31 20:10:00,1.09942,1.099425,1.099405,1.09949,575
2023-07-31 20:15:00,1.099435,1.099415,1.09939,1.099485,579
2023-07-31 20:20:00,1.099405,1.09936,1.099345,1.09944,453
2023-07-31 20:25:00,1.09936,1.09947,1.09935,1.09948,618
2023-07-31 20:30:00,1.09947,1.099435,1.099405,1.09951,552
2023-07-31 20:35:00,1.09943,1.099455,1.099415,1.099515,502
2023-07-31 20:40:00,1.099455,1.09948,1.099435,1.099495,466
2023-07-31 20:45:00,1.099475,1.099555,1.099425,1.099575,476
2023-07-31 20:50:00,1.099565,1.099705,1.09955,1.09971,477
2023-07-31 20:55:00,1.099715,1.09969,1.09962,1.099815,525
2023-07-31 21:00:00,1.09969,1.0997,1.09968,1.09973,329
2023-07-31 21:05:00,1.09955,1.099645,1.09939,1.099645,475
2023-07-31 21:10:00,1.099605,1.099605,1.09953,1.09963,410
2023-07-31 21:15:00,1.099595,1.09965,1.099565,1.09966,380
2023-07-31 21:20:00,1.09965,1.09965,1.09962,1.09967,378
2023-07-31 21:25:00,1.09965,1.099775,1.099555,1.09979,405
2023-07-31 21:30:00,1.09977,1.09976,1.099705,1.09981,446
2023-07-31 21:35:00,1.09976,1.09979,1.09971,1.09982,390
2023-07-31 21:40:00,1.09979,1.099735,1.099695,1.099835,521
2023-07-31 21:45:00,1.099735,1.09971,1.09959,1.099765,569
2023-07-31 21:50:00,1.099705,1.09975,1.09967,1.09985,522
2023-07-31 21:55:00,1.099745,1.099835,1.099725,1.100095,561
2023-07-31 22:00:00,1.09981,1.099955,1.09962,1.09997,471
2023-07-31 22:05:00,1.099955,1.100005,1.099935,1.100055,392
2023-07-31 22:10:00,1.1,1.1001,1.099865,1.1001,504
2023-07-31 22:15:00,1.100095,1.10024,1.100035,1.10024,572
2023-07-31 22:20:00,1.100235,1.100245,1.100185,1.100315,561
2023-07-31 22:25:00,1.100245,1.100155,1.100085,1.10027,492
2023-07-31 22:30:00,1.100145,1.100095,1.100075,1.10016,507
2023-07-31 22:35:00,1.10009,1.100105,1.10006,1.10013,475
2023-07-31 22:40:00,1.100105,1.100115,1.10007,1.10017,574
2023-07-31 22:45:00,1.100115,1.100105,1.10009,1.100155,458
2023-07-31 22:50:00,1.100115,1.100095,1.100075,1.100125,421
2023-07-31 22:55:00,1.100095,1.10012,1.10005,1.10013,490
2023-07-31 23:00:00,1.100125,1.10004,1.100035,1.10016,491
2023-07-31 23:05:00,1.10005,1.09996,1.099945,1.10006,567
2023-07-31 23:10:00,1.09996,1.09995,1.09992,1.09999,535
2023-07-31 23:15:00,1.09995,1.09996,1.09994,1.099995,450
2023-07-31 23:20:00,1.09996,1.10001,1.099925,1.10008,489
2023-07-31 23:25:00,1.10001,1.099875,1.09985,1.100025,543
2023-07-31 23:30:00,1.099885,1.09987,1.099785,1.099895,503
2023-07-31 23:35:00,1.09986,1.099715,1.099715,1.09988,534
2023-07-31 23:40:00,1.099725,1.09968,1.099665,1.099775,541
2023-07-31 23:45:00,1.09969,1.099745,1.09967,1.0998,565
2023-07-31 23:50:00,1.099745,1.099845,1.09972,1.09991,525
2023-07-31 23:55:00,1.099845,1.099675,1.09967,1.099855,420
2023-08-01 00:00:00,1.099675,1.09992,1.09957,1.10013,980
2023-08-01 00:05:00,1.099925,1.099935,1.099895,1.100175,724
2023-08-01 00:10:00,1.099935,1.09977,1.099685,1.100105,673
2023-08-01 00:15:00,1.099765,1.099825,1.09966,1.09992,692
2023-08-01 00:20:00,1.09982,1.09967,1.09965,1.099855,657
2023-08-01 00:25:00,1.09967,1.099275,1.099135,1.09968,703
2023-08-01 00:30:00,1.099275,1.09934,1.099265,1.09948,771
2023-08-01 00:35:00,1.09934,1.09927,1.099215,1.09943,719
2023-08-01 00:40:00,1.09926,1.099185,1.099175,1.09931,571
2023-08-01 00:45:00,1.099185,1.09928,1.09918,1.099385,691
2023-08-01 00:50:00,1.09928,1.099055,1.09904,1.09934,1041
2023-08-01 00:55:00,1.099055,1.09889,1.098835,1.099135,799
2023-08-01 01:00:00,1.09888,1.098795,1.09875,1.098905,803
2023-08-01 01:05:00,1.098785,1.09896,1.098765,1.09911,779
2023-08-01 01:10:00,1.098955,1.098945,1.09881,1.09901,699
2023-08-01 01:15:00,1.09894,1.098995,1.098845,1.099085,829
2023-08-01 01:20:00,1.098995,1.098785,1.098755,1.099005,610
2023-08-01 01:25:00,1.098785,1.09881,1.098755,1.09888,690
2023-08-01 01:30:00,1.098805,1.098855,1.09873,1.09891,966
2023-08-01 01:35:00,1.098855,1.098805,1.09879,1.09896,765
2023-08-01 01:40:00,1.098815,1.098665,1.09859,1.0989,953
2023-08-01 01:45:00,1.09866,1.098685,1.09841,1.098745,1134
2023-08-01 01:50:00,1.09869,1.09866,1.098635,1.098725,729
2023-08-01 01:55:00,1.098665,1.09858,1.098565,1.098775,896
2023-08-01 02:00:00,1.09858,1.098605,1.098395,1.098605,871
2023-08-01 02:05:00,1.09863,1.098555,1.098535,1.09873,881
2023-08-01 02:10:00,1.09855,1.0985,1.098435,1.098615,858
2023-08-01 02:15:00,1.09851,1.098535,1.09847,1.09872,704
2023-08-01 02:20:00,1.09853,1.09807,1.09807,1.09861,866
2023-08-01 02:25:00,1.098065,1.09829,1.098065,1.098355,724
2023-08-01 02:30:00,1.09828,1.0982,1.098155,1.09838,644
2023-08-01 02:35:00,1.0982,1.09839,1.098195,1.098425,722
2023-08-01 02:40:00,1.09839,1.0983,1.09828,1.09839,709
2023-08-01 02:45:00,1.098315,1.098265,1.098235,1.09837,690
2023-08-01 02:50:00,1.098275,1.09836,1.09818,1.098375,745
2023-08-01 02:55:00,1.09836,1.098535,1.098275,1.09857,714
2023-08-01 03:00:00,1.098535,1.098725,1.098405,1.098755,775
2023-08-01 03:05:00,1.098725,1.09877,1.098605,1.098805,754
2023-08-01 03:10:00,1.098775,1.098645,1.098595,1.098815,671
2023-08-01 03:15:00,1.098655,1.098865,1.098655,1.098915,749
2023-08-01 03:20:00,1.098855,1.098905,1.0988,1.09892,655
2023-08-01 03:25:00,1.098895,1.098755,1.098725,1.098925,690
2023-08-01 03:30:00,1.098755,1.09862,1.098605,1.098785,726
2023-08-01 03:35:00,1.09862,1.09851,1.09851,1.09863,674
2023-08-01 03:40:00,1.098515,1.09852,1.09848,1.09861,645
2023-08-01 03:45:00,1.098515,1.098525,1.09848,1.09863,565
2023-08-01 03:50:00,1.09853,1.098515,1.098405,1.09854,770
2023-08-01 03:55:00,1.098525,1.098565,1.09846,1.09859,768
2023-08-01 04:00:00,1.098555,1.09836,1.098345,1.098565,650
2023-08-01 04:05:00,1.098365,1.098385,1.098335,1.09846,635
2023-08-01 04:10:00,1.09837,1.09837,1.098295,1.098405,667
2023-08-01 04:15:00,1.09837,1.09824,1.098195,1.0984,720
2023-08-01 04:20:00,1.09824,1.098365,1.098215,1.0984,578
2023-08-01 04:25:00,1.098365,1.09853,1.09832,1.098705,666
2023-08-01 04:30:00,1.098525,1.098655,1.09825,1.09879,1410
2023-08-01 04:35:00,1.098655,1.09858,1.098455,1.09878,926
2023-08-01 04:40:00,1.098575,1.098715,1.09849,1.0988,814
2023-08-01 04:45:00,1.098715,1.098795,1.09869,1.09891,739
2023-08-01 04:50:00,1.098795,1.098855,1.09876,1.099035,912
2023-08-01 04:55:00,1.098845,1.099025,1.098735,1.09911,809
2023-08-01 05:00:00,1.09902,1.09909,1.09883,1.09916,851
2023-08-01 05:05:00,1.099095,1.09897,1.098905,1.09925,898
2023-08-01 05:10:00,1.09897,1.0987,1.098685,1.09903,871
2023-08-01 05:15:00,1.0987,1.098745,1.098665,1.098845,809
2023-08-01 05:20:00,1.098755,1.099055,1.098665,1.099155,847
2023-08-01 05:25:00,1.099055,1.09931,1.099055,1.099405,695
2023-08-01 05:30:00,1.099315,1.09935,1.099305,1.099495,760
2023-08-01 05:35:00,1.09935,1.09921,1.099145,1.099445,897
2023-08-01 05:40:00,1.0992,1.09914,1.099045,1.09925,800
2023-08-01 05:45:00,1.09914,1.09903,1.098965,1.09931,823
2023-08-01 05:50:00,1.09903,1.09916,1.098945,1.099195,812
2023-08-01 05:55:00,1.099165,1.099895,1.099165,1.099925,1114
2023-08-01 06:00:00,1.099895,1.099835,1.09967,1.099935,1105
2023-08-01 06:05:00,1.09984,1.0996,1.09955,1.09989,903
2023-08-01 06:10:00,1.099575,1.09923,1.09916,1.099575,952
2023-08-01 06:15:00,1.09923,1.099005,1.09884,1.09927,811
2023-08-01 06:20:00,1.099005,1.09901,1.09886,1.09904,794
2023-08-01 06:25:00,1.09902,1.099445,1.098975,1.099445,825
2023-08-01 06:30:00,1.099435,1.099815,1.099415,1.09985,987
2023-08-01 06:35:00,1.09982,1.099965,1.099645,1.100045,1044
2023-08-01 06:40:00,1.099965,1.099655,1.099575,1.10001,876
2023-08-01 06:45:00,1.09965,1.0995,1.099415,1.099715,933
2023-08-01 06:50:00,1.099495,1.099265,1.099245,1.099545,793
2023-08-01 06:55:00,1.09927,1.09947,1.09926,1.099665,786
2023-08-01 07:00:00,1.09947,1.098335,1.09826,1.099495,1270
2023-08-01 07:05:00,1.098345,1.097255,1.097205,1.09837,1377
2023-08-01 07:10:00,1.09725,1.097265,1.09701,1.097625,1378
2023-08-01 07:15:00,1.097255,1.09764,1.09721,1.097875,1279
2023-08-01 07:20:00,1.097645,1.097895,1.097575,1.09794,1278
2023-08-01 07:25:00,1.097885,1.09761,1.0976,1.09823,1257
2023-08-01 07:30:00,1.097615,1.09781,1.097615,1.098095,1205
2023-08-01 07:35:00,1.097815,1.09779,1.097595,1.098235,1138
2023-08-01 07:40:00,1.09778,1.098045,1.097665,1.098085,1125
2023-08-01 07:45:00,1.09806,1.09745,1.09733,1.098545,1236
2023-08-01 07:50:00,1.097515,1.09804,1.09741,1.098065,1085
2023-08-01 07:55:00,1.098035,1.097955,1.09789,1.09814,1001
2023-08-01 08:00:00,1.097955,1.09771,1.09741,1.098035,1321
2023-08-01 08:05:00,1.09771,1.098105,1.09749,1.09811,1000
2023-08-01 08:10:00,1.0981,1.09852,1.098005,1.09868,1065
2023-08-01 08:15:00,1.09851,1.09823,1.098175,1.098605,1034
2023-08-01 08:20:00,1.09825,1.097905,1.09788,1.09839,1066
2023-08-01 08:25:00,1.09792,1.09792,1.09765,1.09793,874
2023-08-01 08:30:00,1.09793,1.09727,1.097205,1.09795,1053
2023-08-01 08:35:00,1.09728,1.09739,1.09722,1.0976,1146
2023-08-01 08:40:00,1.09739,1.09717,1.09709,1.097405,881
2023-08-01 08:45:00,1.097165,1.097595,1.09712,1.097655,1001
2023-08-01 08:50:00,1.0976,1.09769,1.09754,1.09792,912
2023-08-01 08:55:00,1.097695,1.097485,1.09723,1.0977,974
2023-08-01 09:00:00,1.09748,1.09714,1.097125,1.09758,933
2023-08-01 09:05:00,1.097145,1.097055,1.09685,1.097395,971
2023-08-01 09:10:00,1.097055,1.09674,1.09669,1.09709,912
2023-08-01 09:15:00,1.09675,1.09667,1.09659,1.09689,885
2023-08-01 09:20:00,1.096675,1.097025,1.09665,1.09708,1029
2023-08-01 09:25:00,1.097015,1.097165,1.097005,1.097375,924
2023-08-01 09:30:00,1.09716,1.097385,1.09712,1.0975,1028
2023-08-01 09:35:00,1.097365,1.097135,1.097015,1.09738,773
2023-08-01 09:40:00,1.097125,1.09721,1.09703,1.097275,874
2023-08-01 09:45:00,1.09721,1.09754,1.097075,1.09755,848
2023-08-01 09:50:00,1.09754,1.09741,1.097325,1.097575,1060
2023-08-01 09:55:00,1.09743,1.097545,1.097375,1.09768,799
2023-08-01 10:00:00,1.09754,1.097835,1.09747,1.097855,874
2023-08-01 10:05:00,1.097845,1.097585,1.097565,1.097845,819
2023-08-01 10:10:00,1.09759,1.097505,1.09744,1.097645,907
2023-08-01 10:15:00,1.097515,1.097305,1.09694,1.097535,826
2023-08-01 10:20:00,1.09731,1.09728,1.097165,1.097375,828
2023-08-01 10:25:00,1.09727,1.09738,1.09724,1.09758,735
2023-08-01 10:30:00,1.09737,1.097275,1.09723,1.097395,762
2023-08-01 10:35:00,1.09727,1.09745,1.09724,1.09763,731
2023-08-01 10:40:00,1.09746,1.097545,1.09731,1.09772,858
2023-08-01 10:45:00,1.097555,1.0976,1.097325,1.09771,882
2023-08-01 10:50:00,1.097605,1.097935,1.097545,1.097965,896
2023-08-01 10:55:00,1.097925,1.09821,1.097925,1.09847,1034
2023-08-01 11:00:00,1.09822,1.097985,1.09786,1.09824,881
2023-08-01 11:05:00,1.097995,1.097845,1.097825,1.098085,760
2023-08-01 11:10:00,1.09785,1.097825,1.097775,1.09807,858
2023-08-01 11:15:00,1.097815,1.097665,1.097655,1.097895,716
2023-08-01 11:20:00,1.09767,1.097895,1.09747,1.097925,958
2023-08-01 11:25:00,1.097895,1.09798,1.09782,1.098005,928
2023-08-01 11:30:00,1.09796,1.09777,1.09765,1.097965,823
2023-08-01 11:35:00,1.09778,1.09756,1.09748,1.09785,964
2023-08-01 11:40:00,1.09756,1.09769,1.097485,1.09779,848
2023-08-01 11:45:00,1.09768,1.09787,1.09767,1.097965,855
2023-08-01 11:50:00,1.097865,1.09766,1.09743,1.09789,834
2023-08-01 11:55:00,1.09767,1.097575,1.09738,1.097685,1037
2023-08-01 12:00:00,1.09756,1.09766,1.097245,1.097665,1238
2023-08-01 12:05:00,1.097675,1.09696,1.09694,1.097695,1147
2023-08-01 12:10:00,1.09695,1.09616,1.096055,1.097075,1092
2023-08-01 12:15:00,1.09615,1.096395,1.095875,1.096425,1062
2023-08-01 12:20:00,1.09639,1.09588,1.09564,1.09644,1389
2023-08-01 12:25:00,1.095875,1.095755,1.09559,1.095885,1137
2023-08-01 12:30:00,1.095755,1.096085,1.09565,1.096085,1165
2023-08-01 12:35:00,1.09609,1.09605,1.095805,1.09633,1248
2023-08-01 12:40:00,1.09608,1.096015,1.09587,1.096145,1069
2023-08-01 12:45:00,1.096015,1.0955,1.095475,1.09617,1169
2023-08-01 12:50:00,1.095495,1.095525,1.095235,1.09556,1278
2023-08-01 12:55:00,1.09552,1.095635,1.095345,1.095695,1189
2023-08-01 13:00:00,1.095655,1.09612,1.0956,1.09612,1073
2023-08-01 13:05:00,1.096125,1.09667,1.09597,1.09674,1278
2023-08-01 13:10:00,1.09668,1.09713,1.09645,1.09713,988
2023-08-01 13:15:00,1.097145,1.097245,1.09694,1.09752,1212
2023-08-01 13:20:00,1.097205,1.09738,1.097065,1.09748,1142
2023-08-01 13:25:00,1.09736,1.0976,1.097275,1.097675,1114
2023-08-01 13:30:00,1.097595,1.097165,1.097155,1.09777,1382
2023-08-01 13:35:00,1.09715,1.097425,1.09707,1.09746,1367
2023-08-01 13:40:00,1.097425,1.097055,1.096995,1.097425,1152
2023-08-01 13:45:00,1.09706,1.09779,1.09704,1.09782,1297
2023-08-01 13:50:00,1.0978,1.097715,1.09752,1.097825,1038
2023-08-01 13:55:00,1.097725,1.09728,1.097165,1.097735,1372
2023-08-01 14:00:00,1.09728,1.09775,1.09728,1.09891,3192
2023-08-01 14:05:00,1.097755,1.09735,1.09695,1.09785,2069
2023-08-01 14:10:00,1.09735,1.096715,1.096675,1.09754,1909
2023-08-01 14:15:00,1.09671,1.09647,1.09629,1.09674,1587
2023-08-01 14:20:00,1.09649,1.09656,1.09626,1.09672,1371
2023-08-01 14:25:00,1.096555,1.09679,1.096185,1.09687,1409
2023-08-01 14:30:00,1.096765,1.09666,1.096605,1.09695,1350
2023-08-01 14:35:00,1.09667,1.097445,1.09665,1.097485,1300
2023-08-01 14:40:00,1.09744,1.0971,1.096945,1.097655,1283
2023-08-01 14:45:00,1.09711,1.09659,1.096095,1.097115,1359
2023-08-01 14:50:00,1.09659,1.09764,1.096525,1.09806,1600
2023-08-01 14:55:00,1.09765,1.097835,1.097185,1.09813,2014
2023-08-01 15:00:00,1.097845,1.0978,1.097645,1.09848,2050
2023-08-01 15:05:00,1.0978,1.097175,1.097095,1.0978,1232
2023-08-01 15:10:00,1.09717,1.096955,1.0969,1.097255,1110
2023-08-01 15:15:00,1.09696,1.09658,1.09651,1.097025,1129
2023-08-01 15:20:00,1.096575,1.09645,1.09637,1.09663,1107
2023-08-01 15:25:00,1.096445,1.096245,1.096195,1.09674,894
2023-08-01 15:30:00,1.09624,1.09628,1.096095,1.096595,974
2023-08-01 15:35:00,1.096285,1.096745,1.09617,1.09682,1007
2023-08-01 15:40:00,1.09674,1.09623,1.096125,1.096825,923
2023-08-01 15:45:00,1.09623,1.09629,1.096065,1.0965,929
2023-08-01 15:50:00,1.096295,1.096805,1.096295,1.096845,862
2023-08-01 15:55:00,1.0968,1.097035,1.09679,1.09715,796
2023-08-01 16:00:00,1.09704,1.096965,1.09688,1.097175,778
2023-08-01 16:05:00,1.096985,1.09714,1.096985,1.097195,710
2023-08-01 16:10:00,1.097135,1.097205,1.097085,1.09741,705
2023-08-01 16:15:00,1.097205,1.09768,1.09718,1.09768,751
2023-08-01 16:20:00,1.097675,1.097595,1.097585,1.09782,723
2023-08-01 16:25:00,1.097595,1.09731,1.097245,1.097595,807
2023-08-01 16:30:00,1.0973,1.09729,1.097015,1.09734,775
2023-08-01 16:35:00,1.097295,1.097185,1.09717,1.09744,673
2023-08-01 16:40:00,1.097185,1.097165,1.097065,1.097245,714
2023-08-01 16:45:00,1.09717,1.096865,1.096835,1.097175,700
2023-08-01 16:50:00,1.096875,1.09715,1.096815,1.097155,757
2023-08-01 16:55:00,1.097145,1.097215,1.09694,1.097285,880
2023-08-01 17:00:00,1.09721,1.0976,1.097185,1.097635,928
2023-08-01 17:05:00,1.09761,1.09737,1.09736,1.097655,722
2023-08-01 17:10:00,1.09737,1.0974,1.09722,1.097465,805
2023-08-01 17:15:00,1.09741,1.09715,1.09714,1.097415,651
2023-08-01 17:20:00,1.09715,1.096595,1.096525,1.09721,837
2023-08-01 17:25:00,1.096615,1.09669,1.096585,1.09674,687
2023-08-01 17:30:00,1.096705,1.096385,1.096385,1.09672,632
2023-08-01 17:35:00,1.096385,1.09641,1.09637,1.096575,574
2023-08-01 17:40:00,1.0964,1.096375,1.09636,1.096505,711
2023-08-01 17:45:00,1.09637,1.09644,1.09635,1.0965,640
2023-08-01 17:50:00,1.09644,1.09636,1.096255,1.096535,677
2023-08-01 17:55:00,1.09636,1.09637,1.09625,1.09643,728
2023-08-01 18:00:00,1.096365,1.096625,1.09633,1.09668,772
2023-08-01 18:05:00,1.09663,1.096885,1.09662,1.09691,676
2023-08-01 18:10:00,1.09688,1.0972,1.096865,1.097255,655
2023-08-01 18:15:00,1.0972,1.09731,1.09716,1.097375,621
2023-08-01 18:20:00,1.0973,1.0971,1.0971,1.097315,621
2023-08-01 18:25:00,1.097115,1.09702,1.09693,1.097185,690
2023-08-01 18:30:00,1.09703,1.09678,1.09678,1.09705,712
2023-08-01 18:35:00,1.096785,1.09685,1.096765,1.09691,625
2023-08-01 18:40:00,1.096855,1.096905,1.09683,1.09702,602
2023-08-01 18:45:00,1.096895,1.097175,1.096855,1.097245,661
2023-08-01 18:50:00,1.097175,1.097055,1.09697,1.097195,705
2023-08-01 18:55:00,1.097085,1.09735,1.09706,1.09746,939
2023-08-01 19:00:00,1.097345,1.097625,1.097335,1.097705,798
2023-08-01 19:05:00,1.097615,1.097515,1.09747,1.097615,686
2023-08-01 19:10:00,1.097515,1.097715,1.097505,1.09773,719
2023-08-01 19:15:00,1.097715,1.09766,1.097595,1.097725,644
2023-08-01 19:20:00,1.09766,1.09783,1.097545,1.097935,606
2023-08-01 19:25:00,1.09783,1.097915,1.097735,1.098025,709
2023-08-01 19:30:00,1.097905,1.09826,1.097895,1.098285,626
2023-08-01 19:35:00,1.098255,1.098445,1.098245,1.09847,658
2023-08-01 19:40:00,1.098455,1.09846,1.0984,1.098535,589
2023-08-01 19:45:00,1.098455,1.098445,1.098395,1.09851,664
2023-08-01 19:50:00,1.098455,1.098355,1.098305,1.09848,580
2023-08-01 19:55:00,1.098345,1.098275,1.098125,1.098345,801
2023-08-01 20:00:00,1.09827,1.098135,1.09805,1.09827,714
2023-08-01 20:05:00,1.098125,1.098145,1.098095,1.098165,552
2023-08-01 20:10:00,1.098135,1.098195,1.098075,1.098215,653
2023-08-01 20:15:00,1.098185,1.09814,1.098055,1.098205,549
2023-08-01 20:20:00,1.09814,1.098335,1.09812,1.098345,549
2023-08-01 20:25:00,1.098345,1.09841,1.09822,1.098455,553
2023-08-01 20:30:00,1.09841,1.098295,1.098235,1.098425,469
2023-08-01 20:35:00,1.098305,1.09825,1.098235,1.098335,529
2023-08-01 20:40:00,1.09825,1.09828,1.09823,1.09837,488
2023-08-01 20:45:00,1.098285,1.09831,1.09825,1.09835,521
2023-08-01 20:50:00,1.09831,1.098395,1.09829,1.098435,450
2023-08-01 20:55:00,1.098395,1.098415,1.098375,1.09856,567
2023-08-01 21:00:00,1.098405,1.098415,1.098365,1.098415,379
2023-08-01 21:05:00,1.098415,1.098395,1.098375,1.098435,381
2023-08-01 21:10:00,1.098395,1.098395,1.098385,1.098425,383
2023-08-01 21:15:00,1.098395,1.098685,1.098375,1.098945,532
2023-08-01 21:20:00,1.098685,1.09876,1.098535,1.09908,465
2023-08-01 21:25:00,1.098755,1.09912,1.098735,1.099175,503
2023-08-01 21:30:00,1.09913,1.09908,1.098795,1.09913,453
2023-08-01 21:35:00,1.09908,1.09943,1.09905,1.099675,678
2023-08-01 21:40:00,1.09942,1.09974,1.099335,1.099745,1300
2023-08-01 21:45:00,1.099735,1.09988,1.09968,1.099925,1305
2023-08-01 21:50:00,1.09988,1.101395,1.09982,1.101415,941
2023-08-01 21:55:00,1.101395,1.101885,1.101115,1.101995,720
2023-08-01 22:00:00,1.10184,1.101515,1.100825,1.101855,999
2023-08-01 22:05:00,1.101495,1.101385,1.101295,1.101835,911
2023-08-01 22:10:00,1.1014,1.100545,1.100545,1.101465,1035
2023-08-01 22:15:00,1.10054,1.10073,1.100225,1.10099,986
2023-08-01 22:20:00,1.10073,1.100485,1.10031,1.10076,884
2023-08-01 22:25:00,1.1005,1.100295,1.10015,1.1005,705
2023-08-01 22:30:00,1.10029,1.09995,1.099835,1.100385,682
2023-08-01 22:35:00,1.09995,1.099995,1.09992,1.100205,660
2023-08-01 22:40:00,1.100005,1.10032,1.099945,1.100335,605
2023-08-01 22:45:00,1.1003,1.100435,1.10021,1.100565,737
2023-08-01 22:50:00,1.10044,1.10078,1.10044,1.100865,582
2023-08-01 22:55:00,1.10078,1.10095,1.100765,1.100975,603
2023-08-01 23:00:00,1.100945,1.10072,1.10046,1.10095,738
2023-08-01 23:05:00,1.10072,1.100725,1.100545,1.1008,748
2023-08-01 23:10:00,1.100715,1.101005,1.1007,1.101025,610
2023-08-01 23:15:00,1.101005,1.10089,1.100825,1.10103,736
2023-08-01 23:20:00,1.100885,1.10119,1.100845,1.101415,714
2023-08-01 23:25:00,1.10119,1.10131,1.10112,1.101345,627
2023-08-01 23:30:00,1.101315,1.10157,1.10121,1.101705,673
2023-08-01 23:35:00,1.10157,1.101385,1.101235,1.10163,692
2023-08-01 23:40:00,1.101375,1.101345,1.10132,1.101465,577
2023-08-01 23:45:00,1.101335,1.101335,1.10122,1.1014,616
2023-08-01 23:50:00,1.10134,1.1011,1.101085,1.10137,683
2023-08-01 23:55:00,1.1011,1.10076,1.100735,1.10126,527
2023-08-02 00:00:00,1.100765,1.100455,1.10026,1.10081,1030
2023-08-02 00:05:00,1.100445,1.09976,1.099665,1.100445,992
2023-08-02 00:10:00,1.09976,1.099815,1.099515,1.099865,893
2023-08-02 00:15:00,1.099805,1.09966,1.099565,1.099945,816
2023-08-02 00:20:00,1.09965,1.09947,1.099405,1.09966,777
2023-08-02 00:25:00,1.09947,1.09954,1.09936,1.099585,863
2023-08-02 00:30:00,1.099545,1.09936,1.09935,1.09955,781
2023-08-02 00:35:00,1.099355,1.0995,1.09928,1.09964,825
2023-08-02 00:40:00,1.099485,1.09942,1.09935,1.09955,778
2023-08-02 00:45:00,1.099415,1.09979,1.09936,1.0998,761
2023-08-02 00:50:00,1.09979,1.09971,1.09949,1.099835,865
2023-08-02 00:55:00,1.0997,1.09963,1.09956,1.09983,925
2023-08-02 01:00:00,1.09963,1.099655,1.099485,1.09977,909
2023-08-02 01:05:00,1.09965,1.09968,1.09963,1.09988,767
2023-08-02 01:10:00,1.09968,1.09967,1.0996,1.099885,956
2023-08-02 01:15:00,1.09967,1.09975,1.09944,1.09977,1030
2023-08-02 01:20:00,1.099745,1.099795,1.099615,1.099875,893
2023-08-02 01:25:00,1.09979,1.099725,1.09964,1.099795,906
2023-08-02 01:30:00,1.099725,1.099935,1.099625,1.099985,1093
2023-08-02 01:35:00,1.09994,1.100595,1.099865,1.10065,1268
2023-08-02 01:40:00,1.10059,1.10043,1.100325,1.100735,1079
2023-08-02 01:45:00,1.100435,1.100015,1.100005,1.10057,899
2023-08-02 01:50:00,1.10001,1.09966,1.09966,1.100095,900
2023-08-02 01:55:00,1.09966,1.09914,1.099135,1.099675,1129
2023-08-02 02:00:00,1.099135,1.09893,1.09885,1.09922,1055
2023-08-02 02:05:00,1.098915,1.099,1.098905,1.09904,837
2023-08-02 02:10:00,1.099,1.098945,1.098735,1.09905,831
2023-08-02 02:15:00,1.098955,1.098835,1.098815,1.098965,798
2023-08-02 02:20:00,1.098845,1.098845,1.098805,1.098965,724
2023-08-02 02:25:00,1.098845,1.098845,1.09865,1.09893,842
2023-08-02 02:30:00,1.09884,1.09886,1.0988,1.098935,924
2023-08-02 02:35:00,1.098845,1.09868,1.098605,1.09885,858
2023-08-02 02:40:00,1.098675,1.098555,1.0985,1.098815,827
2023-08-02 02:45:00,1.09856,1.0986,1.0985,1.098675,895
2023-08-02 02:50:00,1.098605,1.09812,1.098045,1.09866,969
2023-08-02 02:55:00,1.09809,1.09845,1.098025,1.09854,1068
2023-08-02 03:00:00,1.098445,1.09837,1.098285,1.098495,922
2023-08-02 03:05:00,1.09837,1.09835,1.098275,1.098495,906
2023-08-02 03:10:00,1.098355,1.098165,1.09811,1.098405,1014
2023-08-02 03:15:00,1.098175,1.09816,1.09804,1.0983,1018
2023-08-02 03:20:00,1.098165,1.098425,1.09816,1.09844,853
2023-08-02 03:25:00,1.098415,1.098625,1.098375,1.09865,811
2023-08-02 03:30:00,1.098625,1.098745,1.09854,1.09879,713
2023-08-02 03:35:00,1.098755,1.098715,1.0987,1.09888,832
2023-08-02 03:40:00,1.098715,1.09869,1.09867,1.0989,753
2023-08-02 03:45:00,1.09868,1.09838,1.09823,1.09868,840
2023-08-02 03:50:00,1.09838,1.09856,1.098305,1.09868,882
2023-08-02 03:55:00,1.098565,1.0987,1.098515,1.098795,789
2023-08-02 04:00:00,1.098705,1.098485,1.098345,1.098835,881
2023-08-02 04:05:00,1.098495,1.098505,1.098345,1.098535,785
2023-08-02 04:10:00,1.098495,1.098405,1.09829,1.098515,715
2023-08-02 04:15:00,1.098405,1.098365,1.098255,1.09849,724
2023-08-02 04:20:00,1.098365,1.0983,1.09813,1.098365,716
2023-08-02 04:25:00,1.09829,1.09837,1.09822,1.098395,775
2023-08-02 04:30:00,1.09837,1.098425,1.098355,1.098495,684
2023-08-02 04:35:00,1.098425,1.09847,1.098235,1.098495,724
2023-08-02 04:40:00,1.09847,1.098615,1.098455,1.09869,622
2023-08-02 04:45:00,1.09862,1.098595,1.098515,1.098735,794
2023-08-02 04:50:00,1.0986,1.09836,1.098195,1.09864,1032
2023-08-02 04:55:00,1.098355,1.098935,1.098355,1.098945,987
2023-08-02 05:00:00,1.098935,1.099395,1.09888,1.099435,1310
2023-08-02 05:05:00,1.099395,1.09938,1.099295,1.099445,1035
2023-08-02 05:10:00,1.09938,1.099755,1.09938,1.09976,896
2023-08-02 05:15:00,1.09976,1.099915,1.09967,1.100085,1190
2023-08-02 05:20:00,1.099905,1.09981,1.09973,1.099975,956
2023-08-02 05:25:00,1.09981,1.099725,1.099645,1.099895,793
2023-08-02 05:30:00,1.09972,1.09944,1.09932,1.09972,1045
2023-08-02 05:35:00,1.09945,1.09969,1.099385,1.0997,767
2023-08-02 05:40:00,1.099685,1.099365,1.099265,1.09971,975
2023-08-02 05:45:00,1.099365,1.09918,1.09915,1.0994,998
2023-08-02 05:50:00,1.09918,1.099355,1.09905,1.099455,993
2023-08-02 05:55:00,1.099375,1.09945,1.09911,1.09956,1268
2023-08-02 06:00:00,1.099455,1.099145,1.098975,1.099565,1219
2023-08-02 06:05:00,1.099155,1.09873,1.09871,1.0992,1085
2023-08-02 06:10:00,1.098735,1.09834,1.09832,1.098735,1042
2023-08-02 06:15:00,1.098335,1.09827,1.09818,1.098365,875
2023-08-02 06:20:00,1.09828,1.09824,1.098215,1.098505,1018
2023-08-02 06:25:00,1.09824,1.098165,1.09815,1.09863,966
2023-08-02 06:30:00,1.098165,1.09871,1.098145,1.098725,1028
2023-08-02 06:35:00,1.098695,1.098975,1.098665,1.099135,1161
2023-08-02 06:40:00,1.098985,1.09935,1.0989,1.09937,1046
2023-08-02 06:45:00,1.099355,1.099315,1.09926,1.09963,982
2023-08-02 06:50:00,1.09932,1.0994,1.09919,1.09953,1023
2023-08-02 06:55:00,1.0994,1.09898,1.09891,1.099455,1061
2023-08-02 07:00:00,1.098975,1.09845,1.09837,1.098985,1633
2023-08-02 07:05:00,1.098445,1.09871,1.098345,1.09888,1680
2023-08-02 07:10:00,1.098695,1.098765,1.098505,1.098995,1136
2023-08-02 07:15:00,1.098755,1.09864,1.09848,1.09892,1349
2023-08-02 07:20:00,1.09866,1.098265,1.098135,1.098935,1197
2023-08-02 07:25:00,1.098265,1.0986,1.09822,1.09868,1104
2023-08-02 07:30:00,1.09859,1.09941,1.098585,1.099425,1344
2023-08-02 07:35:00,1.09942,1.0991,1.099085,1.099715,1412
2023-08-02 07:40:00,1.09908,1.09928,1.09898,1.099655,1379
2023-08-02 07:45:00,1.09927,1.099065,1.09885,1.09937,1475
2023-08-02 07:50:00,1.09907,1.09903,1.09895,1.099525,1444
2023-08-02 07:55:00,1.09903,1.098985,1.09865,1.09915,1317
2023-08-02 08:00:00,1.098995,1.0986,1.098565,1.099275,1672
2023-08-02 08:05:00,1.098615,1.097815,1.097615,1.098855,1395
2023-08-02 08:10:00,1.09781,1.098355,1.097685,1.09849,1446
2023-08-02 08:15:00,1.09836,1.098525,1.098305,1.098635,1099
2023-08-02 08:20:00,1.09852,1.09867,1.098235,1.098725,1238
2023-08-02 08:25:00,1.09866,1.098875,1.09866,1.09907,1356
2023-08-02 08:30:00,1.098875,1.098765,1.098495,1.098875,1258
2023-08-02 08:35:00,1.098755,1.09841,1.098105,1.09883,1136
2023-08-02 08:40:00,1.098405,1.09835,1.09811,1.09864,1349
2023-08-02 08:45:00,1.098345,1.09843,1.09809,1.09848,1080
2023-08-02 08:50:00,1.09844,1.09855,1.09834,1.09866,1251
2023-08-02 08:55:00,1.098555,1.098425,1.09835,1.0987,1050
2023-08-02 09:00:00,1.09842,1.098275,1.09812,1.09851,1129
2023-08-02 09:05:00,1.09828,1.09804,1.097985,1.09828,1107
2023-08-02 09:10:00,1.098035,1.09818,1.09797,1.09829,1057
2023-08-02 09:15:00,1.098185,1.09829,1.098135,1.09846,1047
2023-08-02 09:20:00,1.09829,1.098125,1.09801,1.09845,1002
2023-08-02 09:25:00,1.09812,1.098025,1.09779,1.098125,966
2023-08-02 09:30:00,1.098035,1.098105,1.097825,1.09818,938
2023-08-02 09:35:00,1.098115,1.097865,1.097785,1.09816,962
2023-08-02 09:40:00,1.09787,1.097855,1.09774,1.097995,1085
2023-08-02 09:45:00,1.097865,1.09786,1.09764,1.098145,1055
2023-08-02 09:50:00,1.097855,1.097855,1.09777,1.09799,765
2023-08-02 09:55:00,1.097855,1.098045,1.09768,1.098285,962
2023-08-02 10:00:00,1.098055,1.097625,1.097575,1.09807,931
2023-08-02 10:05:00,1.09762,1.09774,1.09762,1.09793,991
2023-08-02 10:10:00,1.097735,1.0973,1.097165,1.097985,1087
2023-08-02 10:15:00,1.09729,1.09715,1.096955,1.097355,959
2023-08-02 10:20:00,1.097145,1.097065,1.096835,1.09729,1048
2023-08-02 10:25:00,1.097075,1.09723,1.097015,1.09743,948
2023-08-02 10:30:00,1.097235,1.097555,1.097105,1.097585,937
2023-08-02 10:35:00,1.097545,1.097845,1.097545,1.09794,1019
2023-08-02 10:40:00,1.097845,1.097775,1.097625,1.097875,1060
2023-08-02 10:45:00,1.097785,1.09778,1.097685,1.097975,1045
2023-08-02 10:50:00,1.09778,1.09795,1.097755,1.098,963
2023-08-02 10:55:00,1.09795,1.09791,1.09762,1.09803,963
2023-08-02 11:00:00,1.097905,1.09778,1.097525,1.09793,1244
2023-08-02 11:05:00,1.09778,1.09786,1.09759,1.097935,898
2023-08-02 11:10:00,1.097845,1.09753,1.097505,1.09801,974
2023-08-02 11:15:00,1.09753,1.097565,1.097495,1.097845,927
2023-08-02 11:20:00,1.09756,1.097525,1.09751,1.097755,887
2023-08-02 11:25:00,1.09752,1.09765,1.097395,1.097735,1010
2023-08-02 11:30:00,1.097655,1.097655,1.09751,1.097755,890
2023-08-02 11:35:00,1.09766,1.09747,1.097395,1.09779,913
2023-08-02 11:40:00,1.09747,1.09745,1.09734,1.09752,872
2023-08-02 11:45:00,1.097445,1.09743,1.09726,1.097535,776
2023-08-02 11:50:00,1.09743,1.09772,1.097405,1.097725,916
2023-08-02 11:55:00,1.097715,1.09785,1.09765,1.09786,1233
2023-08-02 12:00:00,1.097845,1.09855,1.097785,1.098615,1243
2023-08-02 12:05:00,1.098545,1.09848,1.09842,1.098735,907
2023-08-02 12:10:00,1.098485,1.098385,1.09821,1.09856,921
2023-08-02 12:15:00,1.098385,1.09754,1.09671,1.098425,3032
2023-08-02 12:20:00,1.097525,1.097075,1.096985,1.097535,2043
2023-08-02 12:25:00,1.09709,1.09699,1.0966,1.0975,1639
2023-08-02 12:30:00,1.097045,1.0963,1.09612,1.0974,1643
2023-08-02 12:35:00,1.096295,1.095925,1.095925,1.09654,1864
2023-08-02 12:40:00,1.09593,1.0963,1.095755,1.09637,1749
2023-08-02 12:45:00,1.096305,1.09668,1.09604,1.09678,1365
2023-08-02 12:50:00,1.096685,1.096385,1.096265,1.096865,1237
2023-08-02 12:55:00,1.096375,1.095975,1.095955,1.096495,1210
2023-08-02 13:00:00,1.09597,1.095845,1.095695,1.09601,1296
2023-08-02 13:05:00,1.09583,1.095645,1.095385,1.095945,1376
2023-08-02 13:10:00,1.095655,1.096165,1.0956,1.09623,1267
2023-08-02 13:15:00,1.09615,1.09676,1.09615,1.096765,1431
2023-08-02 13:20:00,1.096765,1.096435,1.096385,1.09679,1097
2023-08-02 13:25:00,1.096435,1.096525,1.096245,1.096545,1162
2023-08-02 13:30:00,1.09652,1.096145,1.096025,1.09656,1477
2023-08-02 13:35:00,1.096155,1.095905,1.095675,1.096475,1427
2023-08-02 13:40:00,1.09589,1.095625,1.095235,1.09589,1410
2023-08-02 13:45:00,1.09563,1.09559,1.095095,1.09575,1656
2023-08-02 13:50:00,1.0956,1.095145,1.09513,1.09607,1594
2023-08-02 13:55:00,1.095135,1.095005,1.09499,1.095365,1553
2023-08-02 14:00:00,1.09501,1.0947,1.094515,1.09507,1654
2023-08-02 14:05:00,1.09471,1.094315,1.09431,1.09497,1359
2023-08-02 14:10:00,1.09431,1.09356,1.09349,1.09431,1671
2023-08-02 14:15:00,1.093565,1.093485,1.09332,1.09374,1455
2023-08-02 14:20:00,1.09348,1.093105,1.09307,1.093675,1301
2023-08-02 14:25:00,1.093095,1.09197,1.091835,1.09325,1902
2023-08-02 14:30:00,1.091965,1.09269,1.09181,1.092885,1959
2023-08-02 14:35:00,1.092675,1.092775,1.09251,1.09316,1643
2023-08-02 14:40:00,1.09276,1.092055,1.092005,1.09286,1716
2023-08-02 14:45:00,1.092065,1.092435,1.091965,1.09258,1616
2023-08-02 14:50:00,1.09243,1.092705,1.0922,1.09273,1553
2023-08-02 14:55:00,1.092695,1.092745,1.09256,1.09327,1778
2023-08-02 15:00:00,1.092735,1.092785,1.092295,1.09299,1759
2023-08-02 15:05:00,1.09281,1.092975,1.0927,1.093435,1374
2023-08-02 15:10:00,1.09297,1.09286,1.092735,1.09315,1313
2023-08-02 15:15:00,1.09287,1.09265,1.092535,1.09303,1312
2023-08-02 15:20:00,1.092665,1.09357,1.09266,1.093585,1280
2023-08-02 15:25:00,1.093575,1.09368,1.093425,1.093745,1030
2023-08-02 15:30:00,1.09369,1.094355,1.093635,1.09443,1048
2023-08-02 15:35:00,1.09435,1.093775,1.0937,1.094385,1279
2023-08-02 15:40:00,1.093765,1.09395,1.093735,1.094115,975
2023-08-02 15:45:00,1.093945,1.09366,1.093615,1.093995,1068
2023-08-02 15:50:00,1.09365,1.093445,1.093395,1.093715,1003
2023-08-02 15:55:00,1.093435,1.093835,1.093395,1.093905,1033
2023-08-02 16:00:00,1.093825,1.09445,1.093775,1.094465,1041
2023-08-02 16:05:00,1.094455,1.09443,1.09414,1.09448,1093
2023-08-02 16:10:00,1.094435,1.09378,1.0937,1.09452,865
2023-08-02 16:15:00,1.093775,1.09392,1.09368,1.093995,1110
2023-08-02 16:20:00,1.093915,1.094275,1.09379,1.094315,1096
2023-08-02 16:25:00,1.09428,1.09458,1.09428,1.094655,981
2023-08-02 16:30:00,1.09457,1.09441,1.094225,1.094575,1020
2023-08-02 16:35:00,1.094405,1.09462,1.09437,1.094895,1070
2023-08-02 16:40:00,1.09462,1.09443,1.09441,1.09469,937
2023-08-02 16:45:00,1.09443,1.094365,1.09432,1.094585,871
2023-08-02 16:50:00,1.09436,1.094885,1.094355,1.09502,1166
2023-08-02 16:55:00,1.09489,1.09506,1.09486,1.09528,1014
2023-08-02 17:00:00,1.09506,1.09553,1.09504,1.095625,941
2023-08-02 17:05:00,1.09552,1.09554,1.09552,1.09577,852
2023-08-02 17:10:00,1.095535,1.09542,1.09542,1.09561,842
2023-08-02 17:15:00,1.09544,1.09521,1.095195,1.09554,891
2023-08-02 17:20:00,1.09521,1.09526,1.095115,1.095395,779
2023-08-02 17:25:00,1.09526,1.09536,1.095185,1.09548,916
2023-08-02 17:30:00,1.09536,1.094965,1.094945,1.095375,800
2023-08-02 17:35:00,1.09496,1.09521,1.09495,1.09521,745
2023-08-02 17:40:00,1.095205,1.095205,1.0951,1.095225,759
2023-08-02 17:45:00,1.095205,1.09512,1.095065,1.09536,832
2023-08-02 17:50:00,1.09512,1.09501,1.09496,1.09513,697
2023-08-02 17:55:00,1.09502,1.09461,1.09459,1.09502,861
2023-08-02 18:00:00,1.0946,1.094885,1.094575,1.094965,884
2023-08-02 18:05:00,1.094885,1.094765,1.09472,1.09493,600
2023-08-02 18:10:00,1.09476,1.09478,1.0945,1.094845,871
2023-08-02 18:15:00,1.094785,1.09457,1.09451,1.094825,780
2023-08-02 18:20:00,1.09458,1.094455,1.094415,1.094675,696
2023-08-02 18:25:00,1.094455,1.094415,1.094405,1.09458,771
2023-08-02 18:30:00,1.0944,1.09419,1.094165,1.0944,740
2023-08-02 18:35:00,1.09418,1.094225,1.094105,1.094275,759
2023-08-02 18:40:00,1.09423,1.094155,1.094075,1.094245,765
2023-08-02 18:45:00,1.094165,1.094275,1.094095,1.09436,840
2023-08-02 18:50:00,1.094275,1.094265,1.0942,1.094335,887
2023-08-02 18:55:00,1.09427,1.094305,1.094145,1.09439,890
2023-08-02 19:00:00,1.0943,1.094545,1.09429,1.094585,836
2023-08-02 19:05:00,1.09455,1.09439,1.094255,1.09456,850
2023-08-02 19:10:00,1.0944,1.09429,1.094275,1.0944,689
2023-08-02 19:15:00,1.094295,1.094175,1.094095,1.094325,753
2023-08-02 19:20:00,1.094165,1.093995,1.093955,1.094185,771
2023-08-02 19:25:00,1.094005,1.093775,1.09375,1.094025,897
2023-08-02 19:30:00,1.093785,1.09351,1.093485,1.093795,832
2023-08-02 19:35:00,1.093515,1.093855,1.093475,1.0939,839
2023-08-02 19:40:00,1.09387,1.094,1.093805,1.094005,800
2023-08-02 19:45:00,1.094005,1.09422,1.093975,1.094285,812
2023-08-02 19:50:00,1.094225,1.094075,1.09407,1.094275,748
2023-08-02 19:55:00,1.094065,1.09397,1.09394,1.09412,832
2023-08-02 20:00:00,1.09396,1.093805,1.09361,1.09396,727
2023-08-02 20:05:00,1.093805,1.09368,1.093665,1.09381,719
2023-08-02 20:10:00,1.09368,1.093675,1.093615,1.093705,660
2023-08-02 20:15:00,1.09368,1.09366,1.093635,1.09372,521
2023-08-02 20:20:00,1.09366,1.09366,1.09364,1.093765,620
2023-08-02 20:25:00,1.09367,1.093775,1.09363,1.09378,530
2023-08-02 20:30:00,1.09377,1.09373,1.09372,1.093795,610
2023-08-02 20:35:00,1.09373,1.093555,1.09354,1.09373,541
2023-08-02 20:40:00,1.09355,1.093665,1.093525,1.093685,466
2023-08-02 20:45:00,1.09366,1.09376,1.093645,1.093775,584
2023-08-02 20:50:00,1.09376,1.09379,1.093725,1.093825,592
2023-08-02 20:55:00,1.09379,1.093845,1.09379,1.093895,579
2023-08-02 21:00:00,1.093845,1.093845,1.093825,1.093875,377
2023-08-02 21:05:00,1.093845,1.093975,1.093785,1.094085,414
2023-08-02 21:10:00,1.093975,1.093855,1.093825,1.093985,462
2023-08-02 21:15:00,1.093855,1.09386,1.09379,1.093935,405
2023-08-02 21:20:00,1.09385,1.09385,1.09383,1.09388,355
2023-08-02 21:25:00,1.09385,1.09384,1.09383,1.09387,360
2023-08-02 21:30:00,1.09384,1.09403,1.09383,1.09405,365
2023-08-02 21:35:00,1.09403,1.09403,1.09394,1.0941,483
2023-08-02 21:40:00,1.09404,1.09409,1.093995,1.094125,436
2023-08-02 21:45:00,1.0941,1.09403,1.093995,1.094115,1469
2023-08-02 21:50:00,1.09403,1.09401,1.093955,1.09405,1437
2023-08-02 21:55:00,1.094015,1.09396,1.09388,1.094065,1505
2023-08-02 22:00:00,1.093995,1.094195,1.09389,1.09424,470
2023-08-02 22:05:00,1.0942,1.09425,1.0942,1.094295,407
2023-08-02 22:10:00,1.09424,1.09431,1.0942,1.09432,595
2023-08-02 22:15:00,1.094305,1.094315,1.09426,1.09435,574
2023-08-02 22:20:00,1.094305,1.094395,1.09429,1.094395,507
2023-08-02 22:25:00,1.094405,1.094405,1.09433,1.094455,555
2023-08-02 22:30:00,1.094405,1.09442,1.09435,1.09444,563
2023-08-02 22:35:00,1.094425,1.09447,1.09439,1.09448,452
2023-08-02 22:40:00,1.09448,1.094405,1.094385,1.09449,429
2023-08-02 22:45:00,1.094395,1.094445,1.09439,1.094455,419
2023-08-02 22:50:00,1.094445,1.094465,1.09443,1.094485,428
2023-08-02 22:55:00,1.094465,1.094475,1.09437,1.09449,479
2023-08-02 23:00:00,1.094475,1.094465,1.09438,1.094485,491
2023-08-02 23:05:00,1.094475,1.094425,1.094395,1.094495,391
2023-08-02 23:10:00,1.094425,1.09456,1.09441,1.0946,455
2023-08-02 23:15:00,1.09455,1.09451,1.094505,1.09457,492
2023-08-02 23:20:00,1.094505,1.09452,1.09449,1.09455,438
2023-08-02 23:25:00,1.09452,1.09438,1.094365,1.09454,478
2023-08-02 23:30:00,1.094375,1.09435,1.094305,1.094435,561
2023-08-02 23:35:00,1.09434,1.09433,1.094295,1.09438,531
2023-08-02 23:40:00,1.09433,1.094345,1.09427,1.09437,522
2023-08-02 23:45:00,1.094335,1.094395,1.09428,1.0945,550
2023-08-02 23:50:00,1.094395,1.094455,1.094395,1.09454,583
2023-08-02 23:55:00,1.09445,1.094355,1.094345,1.094525,596
2023-08-03 00:00:00,1.09435,1.094285,1.094045,1.09436,893
2023-08-03 00:05:00,1.094285,1.09437,1.0942,1.0944,704
2023-08-03 00:10:00,1.09437,1.09421,1.09417,1.09439,703
2023-08-03 00:15:00,1.094215,1.09403,1.093805,1.09422,884
2023-08-03 00:20:00,1.094025,1.09396,1.093895,1.094185,743
2023-08-03 00:25:00,1.09395,1.094,1.09387,1.094045,645
2023-08-03 00:30:00,1.094,1.09384,1.093715,1.09402,851
2023-08-03 00:35:00,1.093835,1.09406,1.093835,1.094125,876
2023-08-03 00:40:00,1.094065,1.093865,1.093865,1.09409,768
2023-08-03 00:45:00,1.09387,1.093765,1.093755,1.09391,762
2023-08-03 00:50:00,1.09376,1.09402,1.09375,1.094075,727
2023-08-03 00:55:00,1.093955,1.094005,1.093945,1.094185,821
2023-08-03 01:00:00,1.093985,1.093845,1.093775,1.09402,907
2023-08-03 01:05:00,1.093845,1.094105,1.09382,1.094105,795
2023-08-03 01:10:00,1.094105,1.09412,1.09391,1.09427,1009
2023-08-03 01:15:00,1.09412,1.09425,1.09403,1.09427,1080
2023-08-03 01:20:00,1.094245,1.094505,1.0941,1.094505,755
2023-08-03 01:25:00,1.0945,1.09458,1.09444,1.094645,763
2023-08-03 01:30:00,1.094585,1.094825,1.094545,1.094905,1102
2023-08-03 01:35:00,1.094825,1.094685,1.09461,1.094855,964
2023-08-03 01:40:00,1.09468,1.094635,1.094575,1.09474,829
2023-08-03 01:45:00,1.09467,1.094755,1.09467,1.094945,1054
2023-08-03 01:50:00,1.094765,1.094455,1.09441,1.094775,809
2023-08-03 01:55:00,1.094455,1.094385,1.094335,1.094475,860
2023-08-03 02:00:00,1.094385,1.094385,1.094335,1.094495,867
2023-08-03 02:05:00,1.094385,1.09413,1.094125,1.094385,984
2023-08-03 02:10:00,1.09413,1.094175,1.094005,1.094205,959
2023-08-03 02:15:00,1.09418,1.094165,1.09403,1.09424,916
2023-08-03 02:20:00,1.09416,1.09419,1.094105,1.094215,871
2023-08-03 02:25:00,1.09419,1.093975,1.093875,1.094205,881
2023-08-03 02:30:00,1.09398,1.09396,1.093925,1.094085,855
2023-08-03 02:35:00,1.09395,1.09405,1.093925,1.094085,801
2023-08-03 02:40:00,1.09405,1.09418,1.094015,1.09419,710
2023-08-03 02:45:00,1.094175,1.093715,1.093705,1.0942,908
2023-08-03 02:50:00,1.093715,1.09366,1.093535,1.09379,886
2023-08-03 02:55:00,1.09366,1.093525,1.09344,1.09376,915
2023-08-03 03:00:00,1.09352,1.093315,1.09326,1.093525,1087
2023-08-03 03:05:00,1.093305,1.093385,1.09326,1.09339,939
2023-08-03 03:10:00,1.093375,1.093405,1.093345,1.093495,770
2023-08-03 03:15:00,1.093415,1.093355,1.093255,1.093445,800
2023-08-03 03:20:00,1.093355,1.09344,1.093335,1.093445,700
2023-08-03 03:25:00,1.09344,1.093265,1.093255,1.093465,646
2023-08-03 03:30:00,1.093275,1.093245,1.093145,1.09329,696
2023-08-03 03:35:00,1.093245,1.093195,1.093195,1.093345,728
2023-08-03 03:40:00,1.093185,1.093135,1.09303,1.093325,762
2023-08-03 03:45:00,1.09313,1.0931,1.093055,1.09318,739
2023-08-03 03:50:00,1.0931,1.093385,1.093095,1.093415,702
2023-08-03 03:55:00,1.093395,1.0935,1.093375,1.093535,640
2023-08-03 04:00:00,1.09349,1.09332,1.09319,1.09349,1147
2023-08-03 04:05:00,1.09331,1.09348,1.09326,1.09353,961
2023-08-03 04:10:00,1.09347,1.09352,1.093465,1.093595,727
2023-08-03 04:15:00,1.09353,1.09347,1.09339,1.093565,787
2023-08-03 04:20:00,1.09347,1.093305,1.09327,1.09353,744
2023-08-03 04:25:00,1.093305,1.09329,1.093215,1.09337,963
2023-08-03 04:30:00,1.093285,1.0931,1.093035,1.093315,760
2023-08-03 04:35:00,1.093095,1.09295,1.0929,1.09311,733
2023-08-03 04:40:00,1.09295,1.09232,1.09231,1.09295,893
2023-08-03 04:45:00,1.092325,1.09248,1.09231,1.092515,774
2023-08-03 04:50:00,1.092485,1.092275,1.09226,1.092495,772
2023-08-03 04:55:00,1.092275,1.09232,1.09224,1.092425,888
2023-08-03 05:00:00,1.09232,1.09204,1.091985,1.092415,1166
2023-08-03 05:05:00,1.092045,1.09212,1.091915,1.092175,898
2023-08-03 05:10:00,1.092115,1.092335,1.09195,1.092355,949
2023-08-03 05:15:00,1.09233,1.09267,1.09231,1.09269,905
2023-08-03 05:20:00,1.09267,1.09294,1.092635,1.092955,1012
2023-08-03 05:25:00,1.09293,1.09284,1.092805,1.09297,724
2023-08-03 05:30:00,1.09284,1.092965,1.092805,1.093035,949
2023-08-03 05:35:00,1.092975,1.09303,1.092955,1.093225,1079
2023-08-03 05:40:00,1.09302,1.092755,1.09269,1.09305,1035
2023-08-03 05:45:00,1.092765,1.092985,1.0927,1.093055,958
2023-08-03 05:50:00,1.092975,1.093275,1.092955,1.093445,956
2023-08-03 05:55:00,1.09328,1.09396,1.09328,1.094085,1563
2023-08-03 06:00:00,1.09395,1.093835,1.093465,1.094065,1634
2023-08-03 06:05:00,1.09382,1.094005,1.093795,1.09435,1359
2023-08-03 06:10:00,1.094,1.093985,1.093705,1.094075,1074
2023-08-03 06:15:00,1.09398,1.09416,1.09389,1.094265,1098
2023-08-03 06:20:00,1.094165,1.093755,1.09347,1.09418,1118
2023-08-03 06:25:00,1.093745,1.09369,1.093575,1.093935,1031
2023-08-03 06:30:00,1.09369,1.093725,1.093545,1.093975,1245
2023-08-03 06:35:00,1.09372,1.0931,1.09304,1.093785,1074
2023-08-03 06:40:00,1.093105,1.092975,1.09296,1.093415,1148
2023-08-03 06:45:00,1.09296,1.09265,1.09256,1.093065,1201
2023-08-03 06:50:00,1.09265,1.09236,1.09212,1.092715,1213
2023-08-03 06:55:00,1.09235,1.09217,1.09204,1.092515,1282
2023-08-03 07:00:00,1.092165,1.091795,1.091535,1.09246,1904
2023-08-03 07:05:00,1.091785,1.0921,1.091615,1.09232,1729
2023-08-03 07:10:00,1.09209,1.09198,1.091855,1.092435,1717
2023-08-03 07:15:00,1.09198,1.09174,1.0914,1.09216,1836
2023-08-03 07:20:00,1.091745,1.0921,1.0915,1.092165,1695
2023-08-03 07:25:00,1.092105,1.09202,1.091675,1.092165,1630
2023-08-03 07:30:00,1.09201,1.092525,1.09177,1.092785,1746
2023-08-03 07:35:00,1.092525,1.09242,1.092165,1.092765,1464
2023-08-03 07:40:00,1.092425,1.092275,1.09211,1.092515,1576
2023-08-03 07:45:00,1.092285,1.09211,1.09205,1.092295,1303
2023-08-03 07:50:00,1.092105,1.092,1.0917,1.092215,1528
2023-08-03 07:55:00,1.09199,1.09191,1.09181,1.092485,1678
2023-08-03 08:00:00,1.091905,1.091575,1.09142,1.09208,1736
2023-08-03 08:05:00,1.09157,1.09187,1.091405,1.09206,1463
2023-08-03 08:10:00,1.09188,1.09219,1.09186,1.09234,1330
2023-08-03 08:15:00,1.09219,1.09154,1.09146,1.09227,1418
2023-08-03 08:20:00,1.091535,1.09204,1.091535,1.092185,1189
2023-08-03 08:25:00,1.092045,1.091775,1.091745,1.092085,1209
2023-08-03 08:30:00,1.091775,1.091395,1.09137,1.091925,1053
2023-08-03 08:35:00,1.09139,1.091465,1.09123,1.091535,1163
2023-08-03 08:40:00,1.09147,1.091695,1.09136,1.09172,1132
2023-08-03 08:45:00,1.0917,1.092055,1.091655,1.09206,1131
2023-08-03 08:50:00,1.09206,1.09202,1.09166,1.09206,1140
2023-08-03 08:55:00,1.09201,1.092495,1.09194,1.092495,1237
2023-08-03 09:00:00,1.09249,1.09308,1.092365,1.09309,1308
2023-08-03 09:05:00,1.09307,1.09328,1.09302,1.093695,1243
2023-08-03 09:10:00,1.09326,1.09352,1.09325,1.093865,1214
2023-08-03 09:15:00,1.09351,1.09356,1.093195,1.093575,1098
2023-08-03 09:20:00,1.09356,1.09315,1.093005,1.093565,926
2023-08-03 09:25:00,1.09315,1.092795,1.0927,1.093215,888
2023-08-03 09:30:00,1.0928,1.092495,1.0924,1.09283,813
2023-08-03 09:35:00,1.0925,1.092625,1.092415,1.092835,961
2023-08-03 09:40:00,1.092625,1.0926,1.092535,1.092985,1015
2023-08-03 09:45:00,1.0926,1.09268,1.09246,1.092815,1000
2023-08-03 09:50:00,1.092675,1.093025,1.09246,1.09339,1094
2023-08-03 09:55:00,1.093015,1.093195,1.092915,1.093315,1057
2023-08-03 10:00:00,1.093195,1.093095,1.09292,1.093335,1151
2023-08-03 10:05:00,1.093085,1.092865,1.0927,1.09311,1066
2023-08-03 10:10:00,1.092865,1.092305,1.092205,1.09293,963
2023-08-03 10:15:00,1.092305,1.092425,1.092155,1.092525,1016
2023-08-03 10:20:00,1.092435,1.092225,1.092215,1.09264,961
2023-08-03 10:25:00,1.092225,1.092335,1.09217,1.092505,974
2023-08-03 10:30:00,1.09233,1.092305,1.092275,1.092525,962
2023-08-03 10:35:00,1.09231,1.0924,1.0922,1.09258,995
2023-08-03 10:40:00,1.0924,1.092845,1.09236,1.0929,846
2023-08-03 10:45:00,1.09284,1.093065,1.09282,1.09324,807
2023-08-03 10:50:00,1.093075,1.09312,1.093055,1.093295,839
2023-08-03 10:55:00,1.09314,1.093445,1.09314,1.093575,940
2023-08-03 11:00:00,1.09344,1.092975,1.09291,1.09367,2263
2023-08-03 11:05:00,1.092975,1.092865,1.09242,1.092975,1880
2023-08-03 11:10:00,1.092855,1.09315,1.09271,1.093215,1403
2023-08-03 11:15:00,1.09314,1.094065,1.093135,1.094185,1520
2023-08-03 11:20:00,1.09406,1.09324,1.09322,1.09408,1276
2023-08-03 11:25:00,1.093235,1.093215,1.092735,1.093255,1220
2023-08-03 11:30:00,1.09321,1.093335,1.09311,1.09358,1378
2023-08-03 11:35:00,1.09334,1.094515,1.09321,1.094615,1681
2023-08-03 11:40:00,1.09451,1.09441,1.094,1.094545,1530
2023-08-03 11:45:00,1.0944,1.09469,1.094205,1.09487,1277
2023-08-03 11:50:00,1.094685,1.094175,1.094155,1.094795,1406
2023-08-03 11:55:00,1.09417,1.093535,1.093335,1.094315,1646
2023-08-03 12:00:00,1.093525,1.09317,1.092965,1.0936,1505
2023-08-03 12:05:00,1.093165,1.09314,1.09313,1.09348,1424
2023-08-03 12:10:00,1.093155,1.09365,1.09286,1.093695,1125
2023-08-03 12:15:00,1.093635,1.092985,1.092975,1.093635,1181
2023-08-03 12:20:00,1.092965,1.092925,1.09277,1.09324,1521
2023-08-03 12:25:00,1.09293,1.09281,1.09254,1.09295,1191
2023-08-03 12:30:00,1.0928,1.092695,1.0922,1.09398,3384
2023-08-03 12:35:00,1.0927,1.094065,1.09257,1.0941,2531
2023-08-03 12:40:00,1.094065,1.09522,1.093995,1.09564,2447
2023-08-03 12:45:00,1.095225,1.09452,1.0943,1.09533,2045
2023-08-03 12:50:00,1.094515,1.09453,1.094365,1.09502,1859
2023-08-03 12:55:00,1.094535,1.09381,1.093705,1.094535,1837
2023-08-03 13:00:00,1.093785,1.09306,1.09275,1.09403,1811
2023-08-03 13:05:00,1.09306,1.09258,1.09258,1.093375,1694
2023-08-03 13:10:00,1.09259,1.092615,1.092385,1.09296,1503
2023-08-03 13:15:00,1.09261,1.09279,1.092335,1.092925,1490
2023-08-03 13:20:00,1.092795,1.09298,1.092685,1.093315,1278
2023-08-03 13:25:00,1.09297,1.0929,1.092725,1.093375,1482
2023-08-03 13:30:00,1.09291,1.09283,1.0925,1.09302,1733
2023-08-03 13:35:00,1.092845,1.09243,1.09241,1.09337,1732
2023-08-03 13:40:00,1.09244,1.091985,1.091615,1.092525,1611
2023-08-03 13:45:00,1.091995,1.09203,1.09177,1.09225,1780
2023-08-03 13:50:00,1.09204,1.09172,1.09166,1.09233,1560
2023-08-03 13:55:00,1.091715,1.09191,1.091565,1.09201,1647
2023-08-03 14:00:00,1.091885,1.093105,1.091615,1.093155,2832
2023-08-03 14:05:00,1.09311,1.093075,1.092665,1.093745,2253
2023-08-03 14:10:00,1.093085,1.092255,1.09207,1.093085,1842
2023-08-03 14:15:00,1.09224,1.09238,1.091705,1.09242,1973
2023-08-03 14:20:00,1.092395,1.092745,1.09216,1.09289,1625
2023-08-03 14:25:00,1.092755,1.09418,1.09271,1.09431,1789
2023-08-03 14:30:00,1.094185,1.093635,1.093545,1.09419,1731
2023-08-03 14:35:00,1.09364,1.094665,1.09362,1.094785,1820
2023-08-03 14:40:00,1.094665,1.094,1.093785,1.094685,1527
2023-08-03 14:45:00,1.09397,1.09347,1.09323,1.09399,1536
2023-08-03 14:50:00,1.09347,1.093075,1.093055,1.093555,1406
2023-08-03 14:55:00,1.093085,1.093195,1.093045,1.0936,1601
2023-08-03 15:00:00,1.093195,1.09386,1.092985,1.09386,1618
2023-08-03 15:05:00,1.09386,1.09371,1.0935,1.09387,1120
2023-08-03 15:10:00,1.093705,1.094435,1.093705,1.094465,1544
2023-08-03 15:15:00,1.09443,1.095135,1.094405,1.09547,1629
2023-08-03 15:20:00,1.095145,1.094915,1.094515,1.09517,1380
2023-08-03 15:25:00,1.09492,1.094795,1.094765,1.0953,1416
2023-08-03 15:30:00,1.094805,1.09508,1.094805,1.095435,1380
2023-08-03 15:35:00,1.095075,1.09481,1.09473,1.095175,1150
2023-08-03 15:40:00,1.094805,1.09486,1.09471,1.09501,1153
2023-08-03 15:45:00,1.09486,1.094605,1.09421,1.094875,1200
2023-08-03 15:50:00,1.094605,1.09466,1.0945,1.09483,1114
2023-08-03 15:55:00,1.094655,1.094665,1.09445,1.094835,1219
2023-08-03 16:00:00,1.094665,1.094885,1.09447,1.094975,1169
2023-08-03 16:05:00,1.094885,1.094955,1.094675,1.09498,1110
2023-08-03 16:10:00,1.094955,1.0949,1.09487,1.09519,938
2023-08-03 16:15:00,1.0949,1.09524,1.09483,1.09526,924
2023-08-03 16:20:00,1.09526,1.095175,1.094945,1.095315,935
2023-08-03 16:25:00,1.09518,1.095365,1.095025,1.095365,939
2023-08-03 16:30:00,1.09537,1.09532,1.09525,1.095455,850
2023-08-03 16:35:00,1.095325,1.09569,1.09532,1.09591,900
2023-08-03 16:40:00,1.095695,1.09581,1.09562,1.09586,812
2023-08-03 16:45:00,1.09581,1.096125,1.09564,1.096185,927
2023-08-03 16:50:00,1.096125,1.09589,1.09589,1.0963,853
2023-08-03 16:55:00,1.095895,1.09552,1.09552,1.095955,997
2023-08-03 17:00:00,1.09553,1.095685,1.095445,1.09569,766
2023-08-03 17:05:00,1.095685,1.09552,1.095435,1.095685,803
2023-08-03 17:10:00,1.09552,1.095275,1.095275,1.095675,906
2023-08-03 17:15:00,1.09528,1.095055,1.095005,1.095365,752
2023-08-03 17:20:00,1.09506,1.095015,1.094955,1.095115,736
2023-08-03 17:25:00,1.09501,1.09445,1.094435,1.09503,909
2023-08-03 17:30:00,1.09445,1.09487,1.09435,1.094935,857
2023-08-03 17:35:00,1.094875,1.09514,1.094865,1.095235,752
2023-08-03 17:40:00,1.095135,1.0952,1.094895,1.0952,870
2023-08-03 17:45:00,1.0952,1.09515,1.095075,1.095355,722
2023-08-03 17:50:00,1.09515,1.09479,1.09475,1.09517,883
2023-08-03 17:55:00,1.09478,1.0947,1.09464,1.09491,885
2023-08-03 18:00:00,1.094695,1.09502,1.094455,1.095045,923
2023-08-03 18:05:00,1.09502,1.09477,1.094645,1.09502,704
2023-08-03 18:10:00,1.09477,1.09484,1.09466,1.09484,752
2023-08-03 18:15:00,1.09484,1.095195,1.094815,1.095215,702
2023-08-03 18:20:00,1.09519,1.09497,1.094945,1.09525,665
2023-08-03 18:25:00,1.09497,1.09488,1.09471,1.095025,790
2023-08-03 18:30:00,1.094875,1.09472,1.09452,1.094885,874
2023-08-03 18:35:00,1.09472,1.094775,1.09466,1.09486,784
2023-08-03 18:40:00,1.09475,1.09476,1.09466,1.094825,637
2023-08-03 18:45:00,1.09477,1.09466,1.09452,1.094775,753
2023-08-03 18:50:00,1.09466,1.094585,1.09445,1.094705,654
2023-08-03 18:55:00,1.09459,1.094315,1.094245,1.094605,936
2023-08-03 19:00:00,1.09432,1.094205,1.09403,1.094445,828
2023-08-03 19:05:00,1.0942,1.09407,1.09395,1.0942,718
2023-08-03 19:10:00,1.094075,1.09392,1.09392,1.094085,620
2023-08-03 19:15:00,1.093925,1.09407,1.09385,1.09408,730
2023-08-03 19:20:00,1.09407,1.09413,1.09395,1.094145,728
2023-08-03 19:25:00,1.094135,1.094215,1.094115,1.09423,629
2023-08-03 19:30:00,1.09421,1.094205,1.09414,1.09427,680
2023-08-03 19:35:00,1.0942,1.094185,1.09413,1.09423,763
2023-08-03 19:40:00,1.09419,1.09406,1.093975,1.094355,741
2023-08-03 19:45:00,1.09405,1.09414,1.094015,1.094175,552
2023-08-03 19:50:00,1.09414,1.09417,1.094045,1.09423,620
2023-08-03 19:55:00,1.09417,1.0944,1.09411,1.09445,735
2023-08-03 20:00:00,1.094395,1.09469,1.094355,1.09474,988
2023-08-03 20:05:00,1.094695,1.0946,1.09458,1.094725,621
2023-08-03 20:10:00,1.09459,1.09474,1.09453,1.094755,600
2023-08-03 20:15:00,1.09475,1.09479,1.09468,1.09484,554
2023-08-03 20:20:00,1.09479,1.09482,1.09471,1.09484,528
2023-08-03 20:25:00,1.09482,1.09491,1.0948,1.09493,531
2023-08-03 20:30:00,1.094895,1.094845,1.09484,1.09501,614
2023-08-03 20:35:00,1.094845,1.09477,1.09475,1.09493,504
2023-08-03 20:40:00,1.09477,1.09475,1.094715,1.09479,479
2023-08-03 20:45:00,1.09476,1.09475,1.094725,1.0948,531
2023-08-03 20:50:00,1.094755,1.09479,1.094565,1.094825,531
2023-08-03 20:55:00,1.094785,1.094915,1.09477,1.09502,665
2023-08-03 21:00:00,1.094915,1.094915,1.094895,1.094925,392
2023-08-03 21:05:00,1.094915,1.094895,1.094895,1.094935,358
2023-08-03 21:10:00,1.094895,1.094615,1.094405,1.094925,390
2023-08-03 21:15:00,1.094625,1.0947,1.094595,1.094775,367
2023-08-03 21:20:00,1.0947,1.094755,1.09457,1.094765,374
2023-08-03 21:25:00,1.094765,1.09478,1.0946,1.09488,395
2023-08-03 21:30:00,1.09478,1.09476,1.094725,1.09483,424
2023-08-03 21:35:00,1.094755,1.0948,1.094725,1.09485,440
2023-08-03 21:40:00,1.09481,1.094825,1.094785,1.09484,437
2023-08-03 21:45:00,1.094835,1.09484,1.094735,1.09489,1166
2023-08-03 21:50:00,1.09483,1.094845,1.094705,1.094905,1071
2023-08-03 21:55:00,1.094845,1.0949,1.09481,1.09497,1040
2023-08-03 22:00:00,1.094885,1.094985,1.09472,1.094995,494
2023-08-03 22:05:00,1.094995,1.094955,1.09492,1.095025,462
2023-08-03 22:10:00,1.094955,1.09505,1.0949,1.095065,919
2023-08-03 22:15:00,1.09504,1.09512,1.095035,1.095145,1239
2023-08-03 22:20:00,1.09512,1.095025,1.094995,1.09517,1112
2023-08-03 22:25:00,1.095015,1.09515,1.094965,1.09515,582
2023-08-03 22:30:00,1.095155,1.09518,1.09512,1.095185,72
